deposito,rho,Q,corridas,longitud_media,desviacion_estandar,mejor_longitud,tiempo_medio_s,brecha_vs_optimo_pct
global,0.1,0.1,10,2136.500000,27.077051,2094,0.801785390,2.470024
global,0.1,1.0,10,2123.400000,29.837337,2085,0.993521200,1.841727
global,0.1,10.0,10,2092.300000,20.122127,2085,0.841402780,0.350120
global,0.3,0.1,10,2147.900000,16.722905,2103,1.021438610,3.016787
global,0.3,1.0,10,2126.600000,32.014580,2085,0.966748140,1.995204
global,0.3,10.0,10,2130.700000,30.879875,2085,0.949884640,2.191847
global,0.5,0.1,10,2160.900000,28.009721,2095,0.837914150,3.640288
global,0.5,1.0,10,2152.800000,23.112286,2095,0.910171670,3.251799
global,0.5,10.0,10,2150.300000,36.383910,2088,0.994909060,3.131894
global,0.7,0.1,10,2179.000000,52.438324,2094,0.584805690,4.508393
global,0.7,1.0,10,2176.200000,37.192592,2149,0.824970650,4.374101
global,0.7,10.0,10,2181.600000,37.384489,2098,0.965202940,4.633094
local,0.1,0.1,10,2122.600000,25.578637,2094,0.988886850,1.803357
local,0.1,1.0,10,2122.700000,28.425536,2094,0.869833690,1.808153
local,0.1,10.0,10,2107.900000,27.537651,2085,1.041897240,1.098321
local,0.3,0.1,10,2141.100000,23.685204,2094,0.644667270,2.690647
local,0.3,1.0,10,2140.900000,22.854370,2094,0.598364490,2.681055
local,0.3,10.0,10,2144.900000,19.660734,2094,0.621603570,2.872902
local,0.5,0.1,10,2147.100000,24.015967,2104,0.828450370,2.978417
local,0.5,1.0,10,2137.700000,27.825049,2094,0.874927120,2.527578
local,0.5,10.0,10,2141.400000,22.652937,2094,0.827957560,2.705036
local,0.7,0.1,10,2160.300000,26.878533,2094,0.852394400,3.611511
local,0.7,1.0,10,2162.900000,27.440643,2106,1.002345950,3.736211
local,0.7,10.0,10,2160.900000,26.091506,2100,0.844964190,3.640288
uniform,0.1,0.1,10,2124.800000,23.738389,2094,0.636802490,1.908873
uniform,0.1,1.0,10,2119.300000,31.450314,2085,0.418177630,1.645084
uniform,0.1,10.0,10,2155.000000,18.061623,2121,0.399557080,3.357314
uniform,0.3,0.1,10,2137.400000,28.012696,2094,0.418052610,2.513189
uniform,0.3,1.0,10,2128.500000,33.636125,2090,0.391808410,2.086331
uniform,0.3,10.0,10,2188.500000,30.830180,2143,0.396184580,4.964029
uniform,0.5,0.1,10,2133.800000,28.082418,2085,0.421378770,2.340528
uniform,0.5,1.0,10,2148.300000,29.276650,2094,0.388426120,3.035971
uniform,0.5,10.0,10,2241.800000,88.066641,2149,0.386440190,7.520384
uniform,0.7,0.1,10,2165.500000,15.735664,2149,0.388198730,3.860911
uniform,0.7,1.0,10,2161.300000,55.019290,2094,0.446535440,3.659472
uniform,0.7,10.0,10,2327.600000,83.364261,2204,0.493844880,11.635492
