funcion,metodo,semilla,mejor_f,iteraciones,exito,tiempo_s
Schwefel (1D),PSO,20261007,-418.982795327,34,1,0.013622400
Schwefel (1D),PSO,20261008,-418.98288611,23,1,0.001713800
Schwefel (1D),PSO,20261009,-418.982787556,55,1,0.016117400
Schwefel (1D),PSO,20261010,-418.982885836,50,1,0.014110700
Schwefel (1D),PSO,20261011,-418.982879789,50,1,0.004429500
Schwefel (1D),PSO,20261012,-418.982874776,74,1,0.016789500
Schwefel (1D),PSO,20261013,-418.982796713,55,1,0.014752400
Schwefel (1D),PSO,20261014,-418.982886896,62,1,0.015868500
Schwefel (1D),PSO,20261015,-418.982883142,20,1,0.001514700
Schwefel (1D),PSO,20261016,-418.98284431,58,1,0.016357200
Schwefel (1D),PSO,20261017,-418.982856517,44,1,0.014575600
Schwefel (1D),PSO,20261018,-418.982839969,54,1,0.015597900
Schwefel (1D),PSO,20261019,-418.982830543,11,1,0.000867500
Schwefel (1D),PSO,20261020,-418.982818396,32,1,0.002384200
Schwefel (1D),PSO,20261021,-418.982805084,41,1,0.014004600
Schwefel (1D),PSO,20261022,-418.98282763,15,1,0.001150500
Schwefel (1D),PSO,20261023,-418.982814908,55,1,0.014821400
Schwefel (1D),PSO,20261024,-418.982854732,85,1,0.019562300
Schwefel (1D),PSO,20261025,-418.982809571,15,1,0.001155900
Schwefel (1D),PSO,20261026,-418.982811756,31,1,0.013231700
Schwefel (1D),AG,20261007,-418.982804906,145,1,0.183538700
Schwefel (1D),AG,20261008,-418.982824457,34,1,0.216297200
Schwefel (1D),AG,20261009,-418.982850735,9,1,0.014975600
Schwefel (1D),AG,20261010,-418.9828316,204,1,0.284535300
Schwefel (1D),AG,20261011,-418.98281376,331,1,0.635244800
Schwefel (1D),AG,20261012,-418.982750021,400,0,0.596976200
Schwefel (1D),AG,20261013,-418.982878214,25,1,0.034957700
Schwefel (1D),AG,20261014,-418.982887219,24,1,0.033443700
Schwefel (1D),AG,20261015,-418.982842122,173,1,0.267607000
Schwefel (1D),AG,20261016,-418.982887267,112,1,0.168154700
Schwefel (1D),AG,20261017,-418.98283007,122,1,0.200948200
Schwefel (1D),AG,20261018,-418.982863086,35,1,0.053375400
Schwefel (1D),AG,20261019,-418.98281081,65,1,0.100361600
Schwefel (1D),AG,20261020,-418.982820743,35,1,0.065437300
Schwefel (1D),AG,20261021,-418.982883513,62,1,0.166550000
Schwefel (1D),AG,20261022,-418.982885642,223,1,0.382199800
Schwefel (1D),AG,20261023,-418.982876971,15,1,0.018294300
Schwefel (1D),AG,20261024,-418.982811153,5,1,0.014279700
Schwefel (1D),AG,20261025,-418.98283487,99,1,0.152138300
Schwefel (1D),AG,20261026,-418.982850419,57,1,0.130588900
Ondulación radial (2D),PSO,20262007,1.00002784231,2,1,0.000466500
Ondulación radial (2D),PSO,20262008,1.00000073865,1,1,0.000215900
Ondulación radial (2D),PSO,20262009,1.00005272513,20,1,0.002704400
Ondulación radial (2D),PSO,20262010,1.00003218852,13,1,0.014627700
Ondulación radial (2D),PSO,20262011,1.00000227851,20,1,0.015797400
Ondulación radial (2D),PSO,20262012,1.00000211465,1,1,0.000331900
Ondulación radial (2D),PSO,20262013,1.00002581403,8,1,0.001723900
Ondulación radial (2D),PSO,20262014,1.00003210883,17,1,0.014884900
Ondulación radial (2D),PSO,20262015,1.00000648903,15,1,0.002026800
Ondulación radial (2D),PSO,20262016,1.00001825624,6,1,0.012956800
Ondulación radial (2D),PSO,20262017,1.00005097647,16,1,0.003257000
Ondulación radial (2D),PSO,20262018,1.00009753758,29,1,0.029653300
Ondulación radial (2D),PSO,20262019,1.00002570778,21,1,0.016076000
Ondulación radial (2D),PSO,20262020,1.00005014438,3,1,0.000482000
Ondulación radial (2D),PSO,20262021,1.00000207794,1,1,0.000218600
Ondulación radial (2D),PSO,20262022,1.0000663734,4,1,0.000602700
Ondulación radial (2D),PSO,20262023,1.00004719269,1,1,0.000214100
Ondulación radial (2D),PSO,20262024,1.00003355565,23,1,0.014356000
Ondulación radial (2D),PSO,20262025,1.00000669069,5,1,0.000762000
Ondulación radial (2D),PSO,20262026,1.00000268167,2,1,0.000348100
Ondulación radial (2D),AG,20262007,1.00002636168,3,1,0.002382900
Ondulación radial (2D),AG,20262008,1.00000073865,1,1,0.000536600
Ondulación radial (2D),AG,20262009,1.00000308175,12,1,0.030588800
Ondulación radial (2D),AG,20262010,1.00001692889,3,1,0.001433900
Ondulación radial (2D),AG,20262011,1.00004505538,7,1,0.014912300
Ondulación radial (2D),AG,20262012,1.00000211465,1,1,0.000526400
Ondulación radial (2D),AG,20262013,1.00002779725,2,1,0.000975500
Ondulación radial (2D),AG,20262014,1.00004576132,13,1,0.018066500
Ondulación radial (2D),AG,20262015,1.00003193953,13,1,0.032596800
Ondulación radial (2D),AG,20262016,1.00000852516,13,1,0.033124300
Ondulación radial (2D),AG,20262017,1.00000146133,3,1,0.001485600
Ondulación radial (2D),AG,20262018,1.00009675329,18,1,0.046611800
Ondulación radial (2D),AG,20262019,1.00008197268,3,1,0.001464500
Ondulación radial (2D),AG,20262020,1.00000024316,5,1,0.014277000
Ondulación radial (2D),AG,20262021,1.00000564679,11,1,0.020121300
Ondulación radial (2D),AG,20262022,1.00001589152,12,1,0.033095900
Ondulación radial (2D),AG,20262023,1.00004719269,1,1,0.012052400
Ondulación radial (2D),AG,20262024,1.00000001723,2,1,0.001151800
Ondulación radial (2D),AG,20262025,1.00000067308,14,1,0.033557200
Ondulación radial (2D),AG,20262026,1.00001049103,1,1,0.000732200
